sbc_min,sbc_max,tasa
0,9577.21,0.04206
9577.22,10698.66,0.02717
10698.67,12481.77,0.02076
12481.78,14264.88,0.01607
14264.89,17831.10,0.00525
17831.11,999999.99,0.00000