uma_min,uma_max,patron_cesantia_vejez
0,1,0.0315
1.00001,1.5,0.0368
1.50001,2,0.0485
2.00001,2.5,0.0556
2.50001,3,0.0603
3.00001,3.5,0.0636
3.50001,4,0.0661
4.00001,999,0.07513